user_id,post_id,comment_text,comment_type
c6ede9d72a0c45f8be26b7c5d4896651,0022,"–û—á –∫—Ä—É—Ç–æ! –°–ø–∞—Å–∏–±–æ! –ò –¥–∞, –æ—Ç–∑—ã–≤–∞–µ—Ç—Å—è –∏ –∑–∞—Å—Ç–∞–≤–ª—è–µ—Ç –∑–∞–¥—É–º–∞—Ç—å—Å—è. –ê ""–Ω–µ –ø—Ä–∏—á–∏–Ω—è–π—Ç–µ –ª—é–¥—è–º –¥–æ–±—Ä–æ"" - —ç—Ç–æ –≤–æ–æ–±—â–µ –º–æ—ë –ª—é–±–∏–º–æ–µ –ø–æ –∂–∏–∑–Ω–∏))",positive 
c6ede9d72a0c45f8be26b7c5d4896652,0025,–ë–µ–∑ –∫–æ—Ç–∞ –∏ –∂–∏–∑–Ω—å –Ω–µ —Ç–∞üëå,neutral
c6ede9d72a0c45f8be26b7c5d4896653,0025,–£ –º–µ–Ω—è –∏—Ö –¥–≤–∞ üòÑ—Ç–æ–∂–µ,neutral
c6ede9d72a0c45f8be26b7c5d4896654,0025,"–°–ø–∞—Å–∏–±–æ –∑–∞ –ø—Ä–µ–∑–µ–Ω—Ç–∞—Ü–∏—é , –∏ –º–µ—Ä–æ–ø—Ä–∏—è—Ç–∏–µ. –ù–∞–º –±—ã–ª–æ –æ—á–µ–Ω—å –∏–Ω—Ç–µ—Ä–µ—Å–Ω–æ üòä",positive 
c6ede9d72a0c45f8be26b7c5d4896655,0038,"–ê–ª–∏–Ω–∞, —Å–ø–∞—Å–∏–±–æ, –æ—á–µ–Ω—å –ø–æ–ª–µ–∑–Ω–æ, –∏ –∫–∞–∫ —Ç—ã –∑–Ω–∞–µ—à—å, –ª—é–±–ª—é —è —Ñ–∞–∫—Ç–∏—á–µ—Å–∫–∏–µ —Ü–∏—Ñ—Ä—ã! –ü–æ–¥—Å–∫–∞–∂–∏, –∞ –µ—Å—Ç—å —Å–ø–æ—Å–æ–±  –º–∞—Å—Å–æ–≤–æ –ø–µ—Ä–µ–ª–∏—Ç—å –≤–∏–¥–µ–æ –∏–∑ YouTube –≤ RuTube?",positive 
c6ede9d72a0c45f8be26b7c5d4896656,0038,ü§òüèªüëç,positive 
c6ede9d72a0c45f8be26b7c5d4896657,0041,"–ü—Ä–∏–≤–µ—Ç) –ø–æ—Å–ª–µ–¥—É—é —Ç–≤–æ–µ–º—É —Å–æ–≤–µ—Ç—É –∏ –Ω–µ –±—É–¥—É —Å–∫—Ä–æ–º–Ω–æ–π. –ü—Ä–æ–ø–∏–∞—Ä—é—Å—å. –Ø –û–ª–µ—Å—è -–ø—Å–∏—Ö–æ–ª–æ–≥, —Ä–∞–±–æ—Ç–∞—é —Å —Ç–∞–∫–∏–º–∏ –∑–∞–ø—Ä–æ—Å–∞–º–∏ –∫–∞–∫: –°—Ç—Ä–∞—Ö, —Ç—Ä–µ–≤–æ–≥–∞, –Ω–µ—É–≤–µ—Ä–µ–Ω–Ω–æ—Å—Ç—å –≤ —Å–µ–±–µ. –ö—Ä–∏–∑–∏—Å—ã –≤ –æ—Ç–Ω–æ—à–µ–Ω–∏—è—Ö –†–æ–¥–∏—Ç–µ–ª—å—Å—Ç–≤–æ –≤–æ –≤—Å–µ—Ö –∫—Ä–∞—Å–∫–∞—Ö –ü—Ä–æ—Ä–∞–±–æ—Ç–∫–∞ –¥–µ—Ç—Å–∫–∏—Ö —É—Å—Ç–∞–Ω–æ–≤–æ–∫ –∏ –∫–∞–∫ –æ–Ω–∏ –≤–ª–∏—è—é—Ç –Ω–∞ –Ω–∞—à–µ –±—É–¥—É—â–∏–µ –ö–æ–Ω—Å—É–ª—å—Ç–∞—Ü–∏—è - –∑–Ω–∞–∫–æ–º—Å—Ç–≤–∞ –±–µ—Å–ø–ª–∞—Ç–Ω–æ.",neutral
c6ede9d72a0c45f8be26b7c5d4896658,0043,"–ï–¥–∫–∏–π –∫–æ–º–º–µ–Ω—Ç–∞—Ç–æ—Ä —Å–º–æ—Ç—Ä–∏—Ç –Ω–∞ –º–∏—Ä —á–µ—Ä–µ–∑ –¥—Ä—É–≥—É—é –ø—Ä–∏–∑–º—Éü§∑üèª‚Äç‚ôÇ –ï–º—É –±—ã –ª—É—á—à–µ –æ—Ç–ø–∏—Å–∞—Ç—å—Å—è, –µ—Å–ª–∏ —Å–∏—Å—Ç–µ–º–∞ —Ü–µ–Ω–Ω–æ—Å—Ç–µ–π –Ω–µ —Å–æ–≤–ø–∞–¥–∞–µ—Ç —Å –∞–≤—Ç–æ—Ä–æ–º –∫–∞–Ω–∞–ª–∞üôÇ",neutral
c6ede9d72a0c45f8be26b7c5d4896659,0044,–°–æ–≥–ª–∞—Å–Ω–∞ –ø–æ–ª–Ω–æ—Å—Ç—å—é!,positive 
c6ede9d72a0c45f8be26b7c5d4896660,0044,–°–ø–∞—Å–∏–±–æüî•üî•üî•,positive 
c6ede9d72a0c45f8be26b7c5d4896661,0050,–í–æ—Ç —ç—Ç–æ –º–∞—Å—Ç–µ—Ä –∫–ª–∞—Å—Å!!!üëçüëçüëç,positive 
c6ede9d72a0c45f8be26b7c5d4896662,0051,–ñ–µ–ª–∞—é —É—Å–ø–µ—Ö–æ–≤ üçÄ,positive 
c6ede9d72a0c45f8be26b7c5d4896663,0051,"–ö–ª–∞—Å—Å–Ω–∞—è –∏–¥–µ—è, —Å–ø–∞—Å–∏–±–æ –∑–∞ –≤–æ–∑–º–æ–∂–Ω–æ—Å—Ç—å üå∏ ",positive 
c6ede9d72a0c45f8be26b7c5d4896664,0051,–û—Ç–ª–∏—á–Ω–æ–µ –∏ –ø–æ–ª–µ–∑–Ω–æ–µ –≤—ã—Å—Ç—É–ø–ª–µ–Ω–∏–µ! –°–ø–∞—Å–∏–±–æ –±–æ–ª—å—à–æ–µ! ,positive 
c6ede9d72a0c45f8be26b7c5d4896665,0051,–í—Å–µ–º –ø—Ä–∏–≤–µ—Ç! ,neutral
c6ede9d72a0c45f8be26b7c5d4896666,0051,–£—Å–ø–µ—Ö–æ–≤ –≤–∞–º üíê ,positive 
c6ede9d72a0c45f8be26b7c5d4896667,0051,"–ê–ª–∏–Ω–∞, –¥–æ–±—Ä—ã–π –¥–µ–Ω—å, –æ—á —Ö–æ—á—É –∫–æ–Ω—Å—É–ª—å—Ç–∞—Ü–∏—é ü§ó",neutral
c6ede9d72a0c45f8be26b7c5d4896668,0051,–û—á–µ–Ω—å –∏–Ω—Ç–µ—Ä–µ—Å–Ω–æ–µ –≤—Å—Ç—É–ø–ª–µ–Ω–∏–µ! üëå,positive 
c6ede9d72a0c45f8be26b7c5d4896669,0051,–ö–∞–∫ —Ä–∞–∑ —Å–µ–π—á–∞—Å –≤–∞—Å —Å–ª—É—à–∞–µ–º –Ω–∞ –∫–æ–Ω—Ñ–µ—Ä–µ–Ω—Ü–∏–∏‚ù§Ô∏è‚ù§Ô∏è‚ù§Ô∏è ,positive 
c6ede9d72a0c45f8be26b7c5d4896670,0051,–ò–Ω—Ç–µ—Ä–µ—Å–Ω–æ–µ –≤—ã—Å—Ç—É–ø–ª–µ–Ω–∏–µ ,neutral
c6ede9d72a0c45f8be26b7c5d4896671,0051,"–ê–∫—Ç—É–∞–ª—å–Ω–∞—è —Ç–µ–º–∞ –≤—ã—Å—Ç—É–ø–ª–µ–Ω–∏—è. –û—á–µ–Ω—å –≤–∞–∂–Ω–∞—è, –Ω–µ–æ–±—Ö–æ–¥–∏–º–∞—è –Ω–∞ —Å–µ–≥–æ–¥–Ω—è—à–Ω–∏–π –¥–µ–Ω—å! –°–ø–∞—Å–∏–±–æ! –ü–æ–¥–∞—á–∞ –≤–µ–ª–∏–∫–æ–ª–µ–ø–Ω–∞—è‚úÖ ",positive 
c6ede9d72a0c45f8be26b7c5d4896672,0051,–û—á–µ–Ω—å –ø–æ–Ω—Ä–∞–≤–∏–ª–æ—Å—å –≤—ã—Å—Ç—É–ø–ª–µ–Ω–∏–µ –∏ –∫–æ—Ç–∏–∫–∏ üòç ,positive 
c6ede9d72a0c45f8be26b7c5d4896673,0051,–ü–æ—Ç—Ä—è—Å–∞—é—â–µ–µ –≤—ã—Å—Ç—É–ø–ª–µ–Ω–∏–µ! –û—Å–æ–±–µ–Ω–Ω–æ –∫–æ—Ç–∏–∫ üê±,positive 
c6ede9d72a0c45f8be26b7c5d4896674,0051,–û—Ç–ª–∏—á–Ω–∞—è –ø—Ä–µ–∑–µ–Ω—Ç–∞—Ü–∏—è!,positive 
c6ede9d72a0c45f8be26b7c5d4896675,0051,–ü—Ä–∏—à–ª–æ –≤—Ä–µ–º—è –¥–ª—è –∫–æ—Ç–∏–∫–æ–≤! –ù–µ–π—Ä–æ–Ω–∞—É–∫–∞–º !) –ë–ª–∞–≥–æ–î–∞—Ä—é –∑–∞ –∏–Ω—Ç–µ—Ä–µ—Å–Ω—É—é –∏ –ø–æ–ª–µ–∑–Ω—É—é –∏–Ω—Ñ–æ—Ä–º–∞—Ü–∏—é!!!! –°–ø–∞—Å–∏–±–æ –∑–∞ –≤—ã—Å—Ç—É–ø–ª–µ–Ω–∏–µ –∏ –ª–µ–≥–∫–∏–π –ø–æ—Ç–æ–∫ –∏–Ω—Ñ–æ—Ä–º–∞—Ü–∏–∏ üåà,positive 
c6ede9d72a0c45f8be26b7c5d4896676,0051,"–í—Å–µ –æ–æ–æ—á–µ–Ω—å –∏–Ω—Ç–µ—Ä–µ—Å–Ω–æ, —Å–ø–∞—Å–∏–±–æ –±–æ–ª—å—à–æ–µ) ",positive 
c6ede9d72a0c45f8be26b7c5d4896677,0051,–°–ø–∞—Å–∏–±–æ –∑–∞ –Ω—É–∂–Ω—É—é –∏–Ω—Ñ–æ—Ä–º–∞—Ü–∏—é. ,positive 
c6ede9d72a0c45f8be26b7c5d4896678,0051,–•–æ—á—É –∫–æ–Ω—Å—É–ª—å—Ç–∞—Ü–∏—é! –ë—ã–ª–æ –æ—Ç–ª–∏—á–Ω–æ –∏ –∏–Ω—Ñ–æ—Ä–º–∞—Ç–∏–≤–Ω–æ–µ –≤—ã—Å—Ç—É–ø–ª–µ–Ω–∏–µ üé∂ ,positive 
c6ede9d72a0c45f8be26b7c5d4896679,0051,"–£—á–∞—Å—Ç–≤—É—é, —É –≤–∞—Å —Å–µ–≥–æ–¥–Ω—è –æ—Ç–ª–∏—á–Ω–æ–µ –≤—ã—Å—Ç—É–ø–ª–µ–Ω–∏–µ –Ω–∞ –∫–æ–Ω—Ñ–µ—Ä–µ–Ω—Ü–∏–∏ –ø–æ –ù–µ–π—Ä–æ–Ω–∞—É–∫–∞–º !) ",positive 
c6ede9d72a0c45f8be26b7c5d4896679,0051,–ë–ª–∞–≥–æ–î–∞—Ä—é –∑–∞ –∏–Ω—Ç–µ—Ä–µ—Å–Ω—É—é –∏ –ø–æ–ª–µ–∑–Ω—É—é –∏–Ω—Ñ–æ—Ä–º–∞—Ü–∏—é!!!!,positive 
c6ede9d72a0c45f8be26b7c5d4896679,0051,–°–ø–∞—Å–∏–±–æ –∑–∞ –≤—ã—Å—Ç—É–ø–ª–µ–Ω–∏–µ –∏ –ª–µ–≥–∫–∏–π –ø–æ—Ç–æ–∫ –∏–Ω—Ñ–æ—Ä–º–∞—Ü–∏–∏ üåà,positive 
c6ede9d72a0c45f8be26b7c5d4896679,0051,üåπ,positive 
c6ede9d72a0c45f8be26b7c5d4896679,0051,–û—Ç–ª–∏—á–Ω–æ–µ –≤—ã—Å—Ç—É–ø–ª–µ–Ω–∏–µ! –°–ø–∞—Å–∏–±–æ‚ù§Ô∏è,positive 
c6ede9d72a0c45f8be26b7c5d4896679,0051,"–û–≥—Ä–æ–º–Ω–æ–µ —Å–ø–∞—Å–∏–±–æ, –æ—á–µ–Ω—å –∏–Ω—Ç–µ—Ä–µ—Å–Ω–∞—è —Ç–µ–º–∞!",positive 
c6ede9d72a0c45f8be26b7c5d4896679,0051,–°–ø–∞—Å–∏–±–æ –∑–∞ –∏–Ω—Ç–µ—Ä–µ—Å–Ω–æ–µ –∏ –ø–æ–∑–∏—Ç–∏–≤–Ω–æ–µ –≤—ã—Å—Ç—É–ø–ª–µ–Ω–∏–µ!,positive 
c6ede9d72a0c45f8be26b7c5d4896679,0051,–£ –≤–∞—Å –±—ã–ª–æ —à–∏–∫–∞—Ä–Ω–æ–µ –≤—ã—Å—Ç—É–ø–ª–µ–Ω–∏–µ! –°–ø–∞—Å–∏–±–æ üôèüèª ,positive 
c6ede9d72a0c45f8be26b7c5d4896679,0051,–ë–ª–∞–≥–æ–¥–∞—Ä—é –∑–∞ –≤—ã—Å—Ç—É–ø–ª–µ–Ω–∏–µ! –°–ø–∞—Å–∏–±–æ ‚ò∫Ô∏è ü´∂üèª –ê –∑–∞ —Ä–æ–∑—ã–≥—Ä—ã—à –≤–æ–æ–±—â–µ –æ—Ç–¥–µ–ª—å–Ω–æ–µ —Å–ø–∞—Å–∏–±–æ üòäüòÅ,positive 
c6ede9d72a0c45f8be26b7c5d4896679,0051,–°–ø–∞—Å–∏–±–æ –≤–∞—Å –∑–∞ –∏–Ω—Ç–µ—Ä–µ—Å–Ω—É—é —Ç–µ–º—É,positive 
c6ede9d72a0c45f8be26b7c5d4896679,0051,–°–ø–∞—Å–∏–±–æ!!!! –¢–µ–º–∞ –∞–∫—Ç—É–∞–ª—å–Ω–∞ –æ—á–µ–Ω—å –∏ –∫—Ä—É—Ç–∞—è –∏–Ω—Ñ–æ—Ä–º–∞—Ü–∏—è!!! üëçüëçüëçüí™üí™üí™üôÉüôÉüôÉ,positive 
c6ede9d72a0c45f8be26b7c5d4896679,0051,"–°–ø–∞—Å–∏–±–æ –±–æ–ª—å—à–æ–µ, –æ—á–µ–Ω—å –∫—Ä–∞—Ç–∫–æ, —ë–º–∫–æ –∏ –∏–Ω—Ñ–æ—Ä–º–∞—Ç–∏–≤–Ω–æ. –¢–∞–∫ —Å–æ–≤—Ä–µ–º–µ–Ω–Ω–æ –∏ –≤–∞–∂–Ω–æ —Å–µ–π—á–∞—Å –≤ —ç—Ç–æ–º —Ä–∞–∑–±–∏—Ä–∞—Ç—å—Å—è üéâüëç –æ—á–µ–Ω—å —Ö–æ—Ç–µ–ª–æ—Å—å –±—ã –∫ –≤–∞–º –Ω–∞ –∫–æ–Ω—Å—É–ª—å—Ç–∞—Ü–∏—é",positive 
c6ede9d72a0c45f8be26b7c5d4896679,0051,"–ö–∞–π—Ñ, —Å —É–¥–æ–≤–æ–ª—å—Å—Ç–≤–∏–µ–º –ø–æ—É—á–∞—Å—Ç–≤—É—é",positive 
c6ede9d72a0c45f8be26b7c5d4896679,0051,–°–ø–∞—Å–∏–±–æ! –•–æ—á—É –≤—ã–∏–≥—Ä–∞—Ç—å –∫–æ–Ω—Å—É–ª—å—Ç–∞—Ü–∏—é),positive 
c6ede9d72a0c45f8be26b7c5d4896679,0051,–°–ø–∞—Å–∏–±–æ –∑–∞ –≤—ã—Å—Ç—É–ø–ª–µ–Ω–∏–µ! üëç,positive 
c6ede9d72a0c45f8be26b7c5d4896679,0051,–°–ø–∞—Å–∏–±–æ –∑–∞ –≤—ã—Å—Ç—É–ø–ª–µ–Ω–∏–µ!,positive 
c6ede9d72a0c45f8be26b7c5d4896679,0051,–í–∏–¥–µ–ª–∞ –í–∞—Å –Ω–∞ –∫–æ–Ω—Ñ–µ—Ä–µ–Ω—Ü–∏–∏. –í—ã –±–æ–ª—å—à–∞—è –º–æ–ª–æ–¥–µ—Ü. –ë—Ä–∞–≤–æ. –û—Å–µ–Ω—å —Ö–æ—Ç–µ–ª–∞ –ø–æ–ª—É—á–∏—Ç—å –æ—Ç –í–∞—Å –∫–æ–Ω—Å—É–ª—å—Ç–∞—Ü–∏—é.,positive 
c6ede9d72a0c45f8be26b7c5d4896679,0051,"–°–ø–∞—Å–∏–±–æ –∑–∞ –≤—ã—Å—Ç—É–ø–ª–µ–Ω–∏–µ! –ü–æ–Ω–∏–º–∞—é, —á—Ç–æ –º–Ω–µ –Ω—É–∂–µ–Ω –∏ –ª–∏—á–Ω—ã–π –±—Ä–µ–Ω–¥ –∏ –ø—Ä–æ–¥–≤–∏–∂–µ–Ω–∏–µ –≤ —Å–æ—Ü–∏–∞–ª—å–Ω—ã—Ö —Å–µ—Ç—è—Ö. –ù–∞–¥–µ—é—Å—å, –º–Ω–µ –ø–æ–≤–µ–∑–µ—Ç —Å –≥–µ–Ω–µ—Ä–∞—Ç–æ—Ä–æ–º —Å–ª—É—á–∞–π–Ω—ã—Ö —á–∏—Å–µ–ª üòä",positive 
c6ede9d72a0c45f8be26b7c5d4896679,0051,"–ó–¥—Ä–∞–≤—Å—Ç–≤—É–π—Ç–µ. –®–∏–∫–∞—Ä–Ω–æ –≤—ã—Å—Ç—É–ø–∏–ª–∏, –∂–∞–ª—å —á—Ç–æ –Ω–µ –ø–æ–ª—É—á–∏–ª–æ—Å—å –∑–∞–¥–∞—Ç—å –≤–æ–ø—Ä–æ—Å—ã. –ê –≤–æ–ø—Ä–æ—Å –±—ã–ª —Ç–∞–∫–æ–π - –≤—ã –≥–æ–≤–æ—Ä–∏–ª–∏, —á—Ç–æ –Ω—É–∂–Ω–æ –±—ã—Ç—å –≤ –Ω–µ—Å–∫–æ–ª—å–∫–∏—Ö —Å–æ—Ü. —Å–µ—Ç—è—Ö, –∞ –Ω—É–∂–Ω–æ –ª–∏ –≤ —Ç–∞–∫–æ–º —Å–ª—É—á–∞–µ –¥—É–±–ª–∏—Ä–æ–≤–∞—Ç—å –ø–æ—Å—Ç—ã/ –∏–Ω—Ñ–æ—Ä–º–∞—Ü–∏—é? –ò–ª–∏ –Ω–∞–ø—Ä–∏–º–µ—Ä, –¥–µ–ª–∞—Ç—å –ø–æ—Å—Ç –≤ —Ç–µ–ª–µ–≥—Ä–∞–º–º, –Ω–æ –≤ –∏–Ω—Å—Ç–µ –ª–∏—à—å –∞–Ω–æ–Ω—Å, —Ç–∏–ø–∞ ""–ø–µ—Ä–µ—Ö–æ–¥–∏—Ç–µ –ø–æ —Å—Å—ã–ª–∫–µ –≤ –º–æ–π —Ç–µ–ª–µ–≥—Ä–∞–º –∏ —á–∏—Ç–∞–π—Ç–µ –ø–æ–ª–Ω—ã–π –ø–æ—Å—Ç"" ?",positive 
c6ede9d72a0c45f8be26b7c5d4896679,0051,–°–ø–∞—Å–∏–±–æ –∑–∞ –¥–æ—Å—Ç—É–ø–Ω—É—é –∏ –ø–æ–ª–µ–∑–Ω—É—é –∏–Ω—Ñ–æ—Ä–º–∞—Ü–∏—éü§ùüå∏,positive 
c6ede9d72a0c45f8be26b7c5d4896679,0052,–ù–∏—á–µ–≥–æ —Å–µ–±–µ) –º–æ–π –Ω–æ–º–µ—Ä-10! –õ–∏–∫—É—éü§ó —Å–ø–∞—Å–∏–±–æ!,positive 
c6ede9d72a0c45f8be26b7c5d4896679,0052,–£—Ä—Ä–∞!!! –ö–∞–∫ –º–Ω–µ –ø–æ–≤–µ–∑–ª–æ!! –°–ø–∞—Å–∏–±–æ ü§óü§óü§ó,positive 
c6ede9d72a0c45f8be26b7c5d4896679,0058,"–°–ø–∞—Å–∏–±–æ –±–æ–ª—å—à–æ–µ, –±—ã–ª–æ –∏–Ω—Ñ–æ—Ä–º–∞—Ç–∏–≤–Ω–æ –∏ –ø–æ–Ω—è—Ç–Ω–æ üëå",positive 
c6ede9d72a0c45f8be26b7c5d4896679,0065,–û—á–µ–Ω—å —Å–º–µ—à–∞–Ω–Ω—ã–µ —á—É–≤—Å—Ç–≤–∞ –±—ã–ª–∏ –∫–æ–≥–¥–∞ —Å–º–æ—Ç—Ä–µ–ª–∞ —ç—Ç–æ—Ç —Ñ–∏–ª—å–º üçø,neutral
c6ede9d72a0c45f8be26b7c5d4896679,0065,"–ö–∞–∫-—Ç–æ –≤–æ—Ç –º–µ—Å—Ç–∞–º–∏ –∑–∞ —ç—Ç—É –∂–µ –Ω–∞—Å—Ç–æ–π—á–∏–≤–æ—Å—Ç—å, –ø—Ä—è–º –±–µ—Å–∏–ª. –ï—Å—Ç—å –º–æ–º–µ–Ω—Ç—ã –ø–æ —Ñ–∏–ª—å–º—É, –≥–¥–µ –º–Ω–æ–π –≤–æ—Å–ø—Ä–∏–Ω–∏–º–∞–ª–æ—Å—å —á—Ç–æ —ç—Ç–æ –ø–µ—Ä–µ—Ä–∞—Å—Ç–∞–µ—Ç –≤ –æ–¥–µ—Ä–∂–∏–º–æ—Å—Ç—å –Ω–µ–∑–¥–æ—Ä–æ–≤—É—é, –∏ —á—Ç–æ-—Ç–æ –≤—Ä–æ–¥–µ –ø—Ä–æ–ø–æ–≥–∞–Ω–¥—ã –∏ –Ω–∞–≤—è–∑—ã–≤–∞–Ω–∏—è (–≤ –∫–æ–Ω—Ç–µ–∫—Å—Ç–µ —Ç–µ—Ö –∫—Ç–æ —ç—Ç—É –∏–¥–µ—é –≤–æ–æ–±—â–µ —Å–æ–∑–¥–∞–ª)",neutral
c6ede9d72a0c45f8be26b7c5d4896679,0069,"–° –ù–æ–≤—ã–º !!! –ì–æ–¥–æ–º!!! –£–¥–∞—á–∏, –ª—é–±–≤–∏ –∏ –±–ª–∞–≥–æ–ø–æ–ª—É—á–∏—è!!!",positive 
c6ede9d72a0c45f8be26b7c5d4896679,0070,–í—Å–µ –≤ —Ç–æ—á–∫—ÉüéØ –ê –µ—â–µ - –ø–∞—Ä–∞–ª–ª–µ–ª—å–Ω–æ –Ω–µ—Å–∫–æ–ª—å–∫–æ –∫–Ω–∏–≥ —á–∏—Ç–∞—Ç—å –Ω–∏ –≤ –∫–æ–µ–º —Å–ª—É—á–∞–µ –Ω–µ–ª—å–∑—è!,neutral
c6ede9d72a0c45f8be26b7c5d4896679,0070,"–ü–æ–¥–¥–µ—Ä–∂–∏–≤–∞—é.. –°–µ–π—á–∞—Å 4 –∫–Ω–∏–≥–∏ –≤ –ø—Ä–æ—Ü–µ—Å—Å–µ —á—Ç–µ–Ω–∏—è, —Ç–∞–∫ –∫–∞–∫ ¬´–≤—Å–µ –æ—á–µ–Ω—å –Ω—É–∂–Ω–æ –∏ –ø–æ—Å–∫–æ—Ä–µ–µ¬ª",neutral
c6ede9d72a0c45f8be26b7c5d4896679,0070,10000% üòÇ,positive 
c6ede9d72a0c45f8be26b7c5d4896679,0071,–°–ø–∞—Å–∏–±–æ!ü´∂üå∏,positive 
c6ede9d72a0c45f8be26b7c5d4896679,0077,–•–º. –î–µ–π—Å—Ç–≤–∏—Ç–µ–ª—å–Ω–æ –∏–Ω–æ–≥–¥–∞ –Ω–∞—á–∏–Ω–∞–µ—Ç –≤—ã–¥–∞–≤–∞—Ç—å –æ—à–∏–±–∫—É. –ù–æ –∏ —Å—Ç—É–¥–∏—é –ì–∏–±–ª–∏ –∏ –∫—É—á—É —Ñ–æ—Ç–æ —Ä–µ–∞–ª—å–Ω—ã—Ö –ª—é–¥–µ–π –æ–±—Ä–∞–±–æ—Ç–∞–ª) –ø—Ä–æ—Å—Ç–æ –∏–Ω–æ–≥–¥–∞ —É–¥–∞–ª—è–ª –¥–∏–∞–ª–æ–≥ –∏ –Ω–µ–∫–æ—Ç–æ—Ä—ã–µ —Ñ–æ—Ç–æ –≥—Ä—É–∑–∏–ª –ø–æ –Ω–µ—Å–∫–æ–ª—å–∫–æ —Ä–∞–∑,neutral
